name,x,y
台北車站,121.519752,25.047058
台北101,121.564427,25.033671